Khoa,Ten,Doituong,gioitinh,Tuoi,ngaynhapvien,ngaybenhlucnhapvien,Cannang,Chieucao,phanloaiBMI,benhcanhcuoicunglagi,ghichutinhtrangbenhnang,pregnancy,NVnonoi,NVtieuchay,NVdaubung,NVdauco,NVdaudau,NVdausauhocmat,NVho,NVxuathuyet,Vitrixuathuyet,NVganto,Trieuchungkhac,tiencansxh,tiencanbenhlykhac,benhlynen,Petechia,bachcauN1,tieucauN1,HFLCN1,PhantramHFLCN1,HctN1,AST,ALT,Creatinin,bachcauN2,tieucauN2,HFLCN2,phantramHFLCN2,HctN2,bachcauN3,tieucauN3,HFLCN3,phantramHFLCN3,HctN3,bachcauN4,tieucauN4,HFLCN4,phantramHFLCN4,HctN4,bachcauN5,tieucauN5,HFLCN5,phantramHFLCN5,HctN5,bachcauN6,tieucauN6,HFLCN6,phantramHFLCN6,hctN6,bachcauN7,tieucauN7,HFLCN7,phantramHFLCN7,hctN7,bachcauN8,tieucauN8,HFLCN8,phantramHFLCN8,hctN8,bachcauN9,tieucauN9,HFLCN9,phantramHFLCN9,hctN9,thoigiannamvien,ketcuc,Albumin,TQphantram,Bilirubin,Fibrinogen,TCKgiay,Troponin,bachcauN10,tieucauN10,hctN10,HFLCN10,HFLCngay10
nd,dinhvantam,1,1,41,2/10/2025,4,63.0,172,2.0,2,sxhcanhbao,,,1.0,1.0,,,,,,,,,,,,,,,,,,74.0,35.0,68.0,,,,,,,,,,,2.73,69.0,0.02,0.7,42.6,2.62,19.0,0.13,5.0,42.9,7.77,17.0,0.0,0.0,44.8,12.24,25.0,2.51,20.5,37.9,7.38,58.0,0.88,11.9,36.2,,,,,,,,,,,,,,,,,,
nd,voquockiet,1,1,16,9/18/2025,4,100.0,170,,2,sxhcanhbao,,1.0,,,1.0,,,,,,,,,,tanghuyetap,,,,,,,164.0,135.0,65.0,,,,,,3.79,185.0,0.04,1.1,46.2,3.45,122.0,0.23,6.7,45.9,3.99,100.0,0.42,10.5,42.5,4.47,121.0,0.55,12.3,42.8,4.73,167.0,0.43,9.1,42.9,,,,,,,,,,,,,,,,,,,,,,,
nhia,nguyengiaphuc,2,1,16,12/31/2024,2,86.0,170,,2,sxhcanhbao,,,,,1.0,,,1.0,,,,,,1.0,tanghuyetap,,,,,,,18.0,15.0,82.0,4.13,126.0,,,46.9,3.99,190.0,0.01,0.3,44.8,2.84,155.0,0.01,0.4,47.6,2.25,136.0,0.01,0.4,49.6,2.38,146.0,0.08,3.4,49.3,3.89,114.0,0.29,7.5,48.4,4.37,120.0,0.23,5.3,48.5,,,,,,,,,,,,,,,,,,
nd,nguyenquocthien,1,1,36,7/9/2025,5,60.0,160,2.0,2,sxhcanhbao,,,,1.0,,,,,1.0,petechiae,,,,,,,,,,,,124.0,76.0,101.0,,,,,,,,,,,,,,,,7.12,9.0,,,54.2,9.26,5.0,,,51.4,12.18,10.0,,,49.2,19.51,18.0,4.78,24.5,42.0,16.82,56.0,2.52,15.0,44.0,,,,,,,,,14.67,220.0,43.9,0.98,6.7
nhia,huynhkhanhtrung,2,1,16,1/7/2025,2,104.0,165,,2,sxhcanhbao,,,,,1.0,,,,,,,,,,,,,,,,,40.0,68.0,,7.04,217.0,0.06,0.9,42.0,3.18,222.0,0.04,1.3,45.5,3.92,201.0,0.06,1.5,46.8,4.09,121.0,,,47.9,5.76,110.0,,,44.7,8.62,133.0,,,43.6,,,,,,,,,,,,,,,,,,,,,,,
noib,nguyenthisen,1,2,62,7/6/2025,5,62.0,155,1.0,3,socsxh,,1.0,1.0,1.0,,,,,1.0,petechiae,,,,,"THA,DTD",,,,,,,347.0,363.0,86.0,,,,,,,,,,,,,,,,3.38,29.0,0.48,14.2,42.6,7.51,29.0,2.11,28.1,38.5,12.26,30.0,,,42.4,6.75,83.0,,,39.3,,,,,,,,,,,,,,,,,,
nc,tranngoquynhgiao,1,2,24,12/24/2024,4,45.0,159,2.0,2,sxhcanhbao,,,,,,,,,1.0,am dao,,,,,,,,,,,,123.0,64.0,66.0,,,,,,,,,,,7.36,89.0,0.33,4.5,42.7,9.58,22.0,1.83,19.1,44.6,17.19,38.0,3.78,22.0,40.6,10.67,38.0,1.21,11.3,41.0,7.84,58.0,0.16,2.0,39.6,8.35,152.0,0.08,1.0,42.0,,,,,,,,,,,,,
nc,dothicamnhung,1,2,27,5/18/2025,4,56.0,163,,3,soxsxh,,,,,,1.0,,,1.0,petechiae,,,,,,,,,,,,83.0,53.0,,,,,,,,,,,,,,,,,2.15,10.0,,,42.3,2.44,9.0,0.27,11.1,38.6,5.29,11.0,0.99,18.7,40.8,6.65,31.0,,,40.3,4.67,76.0,,,39.2,,,,,,,,,,,,,
nd,letranvuong,1,1,54,7/9/2025,4,70.0,170,1.0,2,sxhcanhbao,,1.0,,,1.0,1.0,,,,,,,,,,,,,,,,60.0,35.0,94.0,,,,,,,,,,,2.55,83.0,,,41.5,2.72,55.0,0.32,11.8,42.9,6.39,42.0,0.0,0.0,42.2,10.06,62.0,2.96,29.4,41.7,6.77,106.0,0.94,13.9,41.4,,,,,,,,,,,,,,,,,,
nc,phamnguyendanan,1,2,37,12/19/2024,4,82.0,160,1.0,2,sxhcanhbao,,,,1.0,,,,,,,,,1.0,1.0,dongkinh,,,,,,,405.0,318.0,68.0,,,,,,,,,,,,,,,,2.61,39.0,0.17,6.5,35.7,9.19,15.0,1.24,13.5,38.5,23.49,44.0,,,40.4,10.99,84.0,1.32,12.0,34.9,,,,,,,,,,,,,,,,,,
nhia,lehoangthai,2,1,9,1/12/2025,2,48.0,133,,2,sxhcanhbao,,1.0,,,1.0,,,,,,,,,1.0,hen,,,,,,,,,,13.23,268.0,0.04,0.3,41.1,,,,,,3.27,166.0,0.02,0.6,45.3,2.39,112.0,0.03,1.3,46.1,2.12,78.0,0.07,3.3,45.3,2.5,92.0,0.18,7.2,44.9,,,,,,,,,,,,,,,,,,,,,,,
nc,nguyenthiyennhi,1,2,17,6/17/2025,6,48.0,153,2.0,3,soxsxh,,,,,,1.0,,,1.0,petechiae,,,,,,,,,,,,365.0,227.0,94.0,,,,,,,,,,,,,,,,,,,,,4.54,22.0,,,49.2,4.29,18.0,0.42,9.8,41.0,10.58,18.0,,,42.3,9.16,43.0,1.39,15.2,36.0,,,,,,,,,9.81,112.0,36.4,0.61,6.2
ccnl,tranthimum,1,2,48,9/18/2025,5,51.0,148,,3,xuathuyet,,,,,,,,,1.0,hematomanhieuvitri,,,,,daithaoduong,,,,,,,15397.0,1896.0,249.0,,,,,,,,,,,,,,,,4.04,7.0,0.1,2.7,35.9,8.19,24.0,0.84,10.3,35.2,14.53,141.0,,,37.2,,,,,,,,,,,,,,,,,,,,,,,
nc,lethithanhkieu,1,2,42,4/8/2025,3,51.0,156,2.0,2,sxhcanhbao,,1.0,,1.0,1.0,1.0,,,1.0,"ra huyet am dao, petechia",,,2.0,,,,,,,,,41.0,42.0,58.0,,,,,,2.78,105.0,0.02,0.7,39.2,2.49,40.0,,,44.2,6.89,23.0,,,47.4,11.68,37.0,2.09,17.9,38.8,6.83,61.0,0.83,12.2,38.8,5.69,109.0,0.12,2.1,37.8,,,,,,,,,,,,,,,,,,
nd,phamminhtrung,1,1,46,4/10/2025,6,67.0,162,1.0,2,sxhcanhbao,,1.0,,1.0,,,,,1.0,petechiae,1.0,,,,,,,,,,,129.0,53.0,80.0,,,,,,,,,,,,,,,,,,,,,3.94,9.0,,,50.4,3.51,9.0,0.16,4.6,47.7,5.18,9.0,0.84,16.2,47.6,6.53,16.0,0.85,12.8,44.6,,,,,,,,,,,,,
nd,nguyenductuyen,1,1,21,1/13/2025,6,87.0,182,1.0,2,sxhcanhbao,,1.0,,,1.0,,,,1.0,petechiae,,,,,,,,,,,,99.0,79.0,78.0,,,,,,,,,,,2.42,112.0,0.01,0.4,42.1,,,,,,2.83,53.0,0.55,19.4,46.0,5.08,49.0,1.24,24.4,43.1,5.0,86.0,,,47.1,,,,,,,,,,,,,,,,,,
ccte,nguyenngocminhthi,2,2,2,2/17/2025,2,6.0,62,,3,soc sxh,,,,,,,,,,,,,,,,,,,,,,,,,,,,,,3.79,79.0,,,38.1,3.32,38.0,0.05,1.5,38.8,3.14,7.0,0.1,3.2,32.1,2.53,9.0,0.13,5.1,30.5,3.93,9.0,0.0,0.0,29.6,7.55,149.0,,,34.1,,,,,,,,,,,,,,,,,,
nd,tonganhthuong,1,1,18,9/18/2025,2,82.0,178,,2,sxhcanhbao,,,,,1.0,1.0,,,,,,,,,viemtaigiua,,,,,,,62.0,82.0,108.0,5.3,150.0,0.0,0.0,46.6,3.4,120.0,0.01,0.3,49.9,2.43,91.0,0.01,0.4,51.3,1.72,62.0,0.02,1.2,51.8,2.11,20.0,,,51.1,4.63,17.0,,,50.3,5.49,48.0,,,,,,,,,,,,,,,,,,,,,
nd,doanduycuong,1,1,31,12/22/2024,4,69.0,159,1.0,2,sxhcanhbao,,,,,,,,,,,,,,,,,,,,,,69.0,48.0,81.0,,,,,,,,,,,1.99,43.0,0.01,0.5,44.9,2.34,15.0,0.14,6.0,48.9,4.8,8.0,1.11,23.1,46.7,5.32,5.0,0.88,16.5,43.5,4.98,17.0,0.19,3.8,40.3,5.21,59.0,,,40.2,,,,,,,,,,,,,
ccte,phamxuantoan,2,1,13,2/18/2025,4,68.0,169,,3,thexuathuyet,,,,,,1.0,,,1.0,"nonramau,tieuphanden",1.0,"tieuphanden,nonramau",,,,,,,,,,465.0,280.0,50.0,,,,,,,,,,,3.48,87.0,0.04,1.1,29.3,4.27,70.0,0.08,1.9,25.8,,,,,,,,,,,,,,,,,,,,,,,,66.0,,1.7,40.2,614.0,,,,,
ccte,legiabao,2,1,14,6/29/2025,4,57.0,165,,3,"soc,xhthtren",,1.0,,1.0,1.0,1.0,,,1.0,"petechiae,tieuphanden",1.0,,,,,,,,,,,84.0,36.0,82.0,,,,,,,,,,,3.09,12.0,,,50.0,4.19,7.0,0.29,6.9,49.2,4.24,26.0,0.71,16.1,40.5,6.34,28.0,1.84,29.0,38.0,4.4,80.0,0.62,14.1,36.3,,,,,,,,,,,,,,,,,,
nd,nguyenvanhuy,1,1,36,6/29/2025,4,64.0,167,,2,sxhcanhbao,,1.0,,,,1.0,,,,,,,,,,,,,,,,,,,,,,,,,,,,,,,,,,3.54,30.0,,,49.0,7.1,23.0,2.29,32.3,47.0,5.27,39.0,1.24,23.5,45.8,5.25,71.0,0.19,3.6,45.7,,,,,,,,,,,,,,,,,,
nd,huynhchian,1,1,33,3/13/2025,3,99.0,172,1.0,2,sxhcanhbao,,,,,,1.0,,,1.0,petechiae,,,,,tanghuyetap,1.0,,,,,,217.0,148.0,91.0,,,,,,3.5,80.0,,,45.0,1.96,12.0,0.06,3.1,60.9,7.01,12.0,0.0,0.0,53.5,9.35,10.0,1.72,18.4,49.7,7.28,34.0,0.97,13.3,46.8,6.29,80.0,0.2,3.2,46.0,,,,,,,,,,,,,,,,,,
nd,nguyengiathanh,1,1,19,2/3/2025,5,70.0,172,2.0,2,sxhcanhbao,,,,,1.0,,,,,,,,,,,,,,,,,60.0,23.0,87.0,,,,,,,,,,,4.51,183.0,0.05,1.1,45.6,3.58,94.0,0.0,0.0,48.0,5.43,65.0,1.02,18.8,48.9,6.67,68.0,1.08,16.2,43.9,,,,,,,,,,,,,,,,,,,,,,,
nc,nguyentamthanh,1,2,19,8/16/2025,5,60.0,160,,3,soxsxh,,1.0,,,,,,,1.0,chaymaumui,,,,,,,,,,,,116.0,62.0,69.0,,,,,,,,,,,,,,,,1.68,86.0,0.1,6.0,37.6,1.8,43.0,,,43.1,3.47,36.0,0.63,18.2,41.9,3.05,30.0,0.45,14.8,36.6,,,,,,,,,,,,,,,,,,
nhia,hothanhphong,2,1,13,2/3/2025,5,56.0,163,,2,sxhcanhbao,,1.0,,1.0,,,,,1.0,"rang, petechiae",,,,1.0,viemdaday,,,,,,,,,,2.44,164.0,0.0,0.0,45.2,1.65,145.0,0.01,0.6,47.6,1.71,119.0,0.02,1.2,47.4,1.87,100.0,0.18,9.6,47.0,3.27,101.0,0.59,18.0,47.7,,,,,,,,,,,,,,,,,,,,,,,,,,,,
nhia,hominhthuan,2,1,14,12/22/2024,2,65.0,171,,2,sxhcanhbao,,1.0,,,,1.0,,1.0,,,,,,,,,,,,,,,,,4.51,189.0,0.0,0.0,39.9,,,,,,2.91,144.0,0.01,0.3,43.3,1.19,107.0,0.02,1.7,41.4,1.81,53.0,0.28,15.5,45.2,5.62,43.0,1.78,31.7,44.0,5.74,69.0,1.91,33.3,43.0,,,,,,,,,,,,,,,,,,
nd,nguyendaonhuttien,1,1,20,3/10/2025,4,112.0,180,1.0,2,sxhcanhbao,,1.0,,,,,,,,,,,,,,,,,,,,183.0,118.0,72.0,,,,,,5.98,167.0,0.03,0.5,42.5,4.3,65.0,0.0,0.0,45.0,4.07,22.0,0.1,2.5,50.8,6.77,10.0,0.98,14.5,49.9,11.07,17.0,,,48.3,6.65,52.0,,,45.8,7.05,132.0,,,47.6,,,,,,,,,,,,,
ccte,ngngocmaiphuong,2,2,14,7/12/2025,5,49.0,149,,3,socsxhnang,,1.0,,,,,,,1.0,"petechiae, am dao",1.0,,,,,,,,,,,45.0,23.0,57.0,,,,,,3.66,98.0,,,39.0,,,,,,3.82,24.0,,,41.6,5.58,36.0,0.7,12.5,43.0,4.71,34.0,,,46.2,4.78,97.0,0.13,2.7,41.0,,,,,,,,30.0,,,,,,,,,,
nd,nguyenquangvinh,1,1,35,7/8/2025,4,73.0,171,2.0,2,sxhcanhbao,,,,,,,,,,,,,,,,,,,,,,86.0,32.0,108.0,,,,,,,,,,,1.99,43.0,,,45.2,1.8,26.0,,,44.4,3.46,11.0,,,47.3,5.23,10.0,1.17,22.4,45.7,6.93,16.0,1.6,23.4,43.6,5.82,55.0,0.47,8.1,44.4,,,,,,,,,,,,,
nc,lethimyhien,1,2,38,7/1/2025,5,55.0,147,,2,sxhcanhbao,,,,,,,,,1.0,xhamdao,,,,,,,,,,,,84.0,50.0,63.0,,,,,,,,,,,,,,,,2.58,78.0,,,44.0,3.66,25.0,0.65,17.8,45.1,5.57,20.0,1.04,18.7,45.3,5.63,68.0,0.42,7.5,44.6,5.97,126.0,0.13,2.2,44.3,,,,,,,,,,,,,
nd,tranhuudinh,1,1,28,1/9/2025,2,63.0,169,2.0,2,sxhcanhbao,,,,,,,,,,,,,,,,,,,,,,32.0,23.0,98.0,9.19,196.0,0.02,0.2,42.7,7.45,131.0,0.0,0.0,44.9,4.64,76.0,0.0,0.0,44.2,4.05,53.0,0.0,0.0,51.9,4.03,54.0,0.16,4.0,50.0,4.65,49.0,0.65,14.0,44.7,4.67,49.0,1.05,22.5,44.6,,,,,,,,,,,,,,,,,,
nhiemc,vuthiphuongthuy,1,2,21,4/23/2025,3,85.0,160,1.0,2,"sxhcanhbao,thai",1.0,1.0,,,1.0,,,,,,,,,,,,,,,,,19.0,11.0,57.0,,,,,,4.44,96.0,,,36.1,4.02,73.0,,,39.2,4.77,41.0,0.12,2.5,37.7,4.75,22.0,0.51,10.7,40.5,7.33,20.0,0.93,12.7,40.5,8.9,27.0,,,44.7,9.79,43.0,,,44.3,,,,,,,,,9.32,69.0,42.1,,
nhiemc,phamthaonguyen,1,2,19,1/1/2025,4,45.0,160,2.0,2,sxhcanhbao,,1.0,,,,,,1.0,,,,,,,,,,,,,,,,,,,,,,,,,,,,,,,,2.39,31.0,0.04,1.7,42.0,3.06,26.0,0.1,3.3,39.0,3.3,37.0,0.12,3.6,37.0,3.09,84.0,,,39.0,,,,,,,,,,,,,,,,,,
ccte,voquanglong,2,1,13,1/13/2025,4,64.0,151,,2,sxhcanhbao,,1.0,1.0,,,,,,1.0,mui,1.0,,,,,,7.63,219.0,0.0,0.0,38.8,73.0,32.0,55.0,,,,,,2.6,169.0,0.0,0.0,40.8,2.37,67.0,0.17,7.2,43.9,3.49,42.0,0.33,9.5,44.2,6.43,22.0,0.0,0.0,46.7,6.79,51.0,,,42.5,,,,,,,,,,,,,,,,,,,,,,,
ccte,nguyenyenthanh,2,2,8,7/18/2025,5,46.0,135,,3,socsxhgan,,1.0,,,1.0,,,,1.0,chaymaurang,1.0,,,,,,,,,,,2260.0,934.0,45.0,,,,,,,,,,,,,,,,1.87,58.0,,,35.5,2.98,17.0,,,48.9,5.36,11.0,,,48.6,8.14,10.0,1.26,15.5,39.4,16.37,43.0,1.0,6.1,37.0,,,,,,,,,13.96,76.0,28.0,0.34,2.4
nd,nguyenhuuduy,1,1,18,3/20/2025,3,85.0,180,1.0,2,sxhcanhbao,,,,,1.0,,,,1.0,chay mau mui,,,,,,,,,,,,42.0,32.0,68.0,,,,,,3.98,105.0,,,42.5,3.91,110.0,0.1,2.6,41.5,3.55,103.0,0.12,3.4,41.6,4.02,111.0,0.32,8.0,45.0,,,,,,,,,,,,,,,,,,,,,,,,,,,,
nhia,nguyenhoangminh,2,1,11,2/1/2025,3,46.0,149,,2,sxhcanhbao,,,,,,,,,,,,,,,,,,,,,,,,,,,,,,2.39,138.0,0.0,0.0,37.5,1.96,134.0,0.0,0.0,37.8,1.69,133.0,0.02,1.2,39.4,1.91,134.0,0.08,4.2,41.7,2.61,128.0,0.28,10.7,42.7,3.88,166.0,0.34,8.8,39.7,,,,,,,,,,,,,,,,,,
nd,dieumanhtuan,1,1,17,2/10/2025,2,55.0,160,2.0,1,sxh,,1.0,,,1.0,,,,,,,,,,,,,,,,,20.0,16.0,82.0,6.7,285.0,,,43.6,4.55,255.0,0.0,0.0,43.1,3.62,192.0,0.01,0.3,44.1,4.29,128.0,0.07,1.6,45.7,5.45,26.0,0.0,0.0,45.5,7.25,22.0,1.15,15.9,44.3,7.3,54.0,0.22,3.0,43.2,,,,,,,,,,,,,,,,,,
ccte,nguyenkhoinguyen,2,1,9,6/30/2025,6,38.0,150,,3,soctaisoc1lan,,1.0,,1.0,,1.0,,,1.0,petechiae,1.0,,,,,,,,,,,118.0,58.0,37.0,,,,,,,,,,,,,,,,,,,,,5.26,29.0,0.6,11.4,38.0,7.42,37.0,0.84,11.3,41.0,9.23,82.0,0.52,5.6,38.4,,,,,,,,,,,,,,,,,,
nd,huynhhoangdang,1,1,39,6/22/2025,5,71.0,160,1.0,3,soxsxh,,1.0,,1.0,,,,,,,,,,,,,,,,,,168.0,128.0,99.0,,,,,,,,,,,,,,,,3.56,24.0,0.0,0.0,51.5,3.82,13.0,0.04,1.0,48.6,4.44,9.0,0.41,9.2,47.6,4.48,8.0,0.47,10.5,44.7,4.12,24.0,,,43.2,,,,,,,,,4.47,120.0,43.8,,
nc,vothianh,1,2,50,4/9/2025,5,71.0,152,1.0,2,sxhcanhbao,,1.0,,1.0,,,,,,,,,2.0,,,,,,,,,128.0,123.0,,,,,,,,,,,,,,,,,,,,,,3.42,5.0,,,42.2,5.45,5.0,0.0,0.0,40.2,7.0,7.0,0.72,10.3,36.9,8.87,26.0,0.18,2.0,39.5,,,,,,,,,,,,,
ccte,nguyenhuybao,2,1,16,1/9/2025,2,50.0,170,,2,tieuhuyetsacto,,1.0,,,,,,,,,,,,,,,,,,,,,,,6.65,140.0,0.0,0.0,36.0,5.53,110.0,0.0,0.0,110.0,4.71,59.0,0.0,0.0,39.7,5.46,40.0,0.04,0.7,43.8,5.54,42.0,0.18,3.2,39.1,4.05,42.0,0.35,8.6,35.0,4.26,76.0,0.4,9.4,36.4,,,,,,,,,,,,,,,,,,
nhia,huynhthieuquan,2,2,16,1/14/2025,5,64.0,180,,2,sxhcanhbao,,1.0,,,,,,,1.0,chanrang,,,,,,,,,,,,,,,,,,,,,,,,,,,,,,,88.0,,,42.4,1.14,73.0,0.1,10.0,46.7,3.1,75.0,0.37,11.9,45.6,,,,,,,,,,,,,,,,,,,,,,,
nhia,letuean,2,2,14,1/14/2025,5,40.0,150,,2,sxhcanhbao,,,,,,,,,1.0,am dao,,,,,,,,,,,,,,,,,,,,,,,,,,,,,,2.4,134.0,,,41.0,2.01,53.0,0.16,8.3,42.8,3.3,43.0,0.47,14.2,42.0,3.72,82.0,0.4,10.9,39.6,,,,,,,,,,,,,,,,,,
ccte,luuminhnhat,2,1,9,8/9/2025,6,22.0,127,,3,"socsxh,shh,gan",,1.0,,1.0,,,,,,,,,,,,,,,,,,2774.0,1129.0,68.0,,,,,,,,,,,,,,,,1.47,89.0,,,37.6,3.37,31.0,,,46.1,11.67,17.0,,,41.4,29.48,94.0,1.76,6.0,34.3,15.02,82.0,1.05,7.0,34.2,,,,,,,,,14.85,122.0,32.2,0.32,2.2
nd,phamhoangnhan,1,1,21,12/19/2024,4,115.0,180,1.0,2,sxhcanhbao,,,,,1.0,,,,,,,,,,,,,,,,,58.0,63.0,58.0,,,,,,,,,,,4.45,62.0,,,41.7,4.01,19.0,0.4,10.0,47.0,7.55,7.0,1.7,22.5,50.6,8.62,11.0,1.47,17.1,47.3,5.37,30.0,0.41,7.6,40.4,4.71,81.0,0.11,2.3,42.9,,,,,,,,,,,,,
ccte,nguyenhoaian,2,2,11,7/3/2025,2,31.0,138,,2,sxhcanhbao,,1.0,,,,,,,,,,,,,,,,,,,,29.0,16.0,46.0,2.32,154.0,0.03,1.3,40.6,1.78,134.0,0.0,0.0,42.5,1.87,120.0,,,40.0,2.28,168.0,,,42.0,2.42,120.0,,,41.4,2.87,157.0,,,41.4,,,,,,,,,,,,,,,,,,,,,,,
nd,huynhtridung,1,1,17,6/17/2025,6,54.0,170,2.0,3,soxsxh,,1.0,,1.0,1.0,1.0,,,,,1.0,,,,,,,,,,,95.0,38.0,71.0,,,,,,,,,,,,,,,,,,,,,4.27,11.0,,,51.3,5.03,17.0,0.48,9.5,44.4,7.17,45.0,0.98,13.7,43.8,8.54,139.0,0.67,7.8,46.3,,,,,,,,,,,,,
nc,nguyenthanhphuong,1,2,33,1/5/2025,4,50.0,157,,3,soxsxh,,,,1.0,1.0,,,,1.0,xhamdao,,,,,,,,,,,,120.0,73.0,56.0,2.06,112.0,0.02,1.0,35.4,3.19,65.0,0.2,6.3,40.8,4.7,23.0,1.18,25.1,43.2,4.88,16.0,0.89,18.2,40.0,3.74,40.0,0.26,7.0,39.3,4.24,114.0,0.15,3.5,36.8,,,,,,,,,,,,,,,,,,,,,,,
noia,huynhthikieutrang,1,2,21,8/17/2025,5,40.0,157,,3,soxsxh,,,,1.0,,,,,,,,,,,,,,,,,,330.0,73.0,60.0,,,,,,,,,,,,,,,,1.27,43.0,,,51.8,3.54,28.0,0.74,20.9,48.6,6.16,27.0,1.89,30.7,42.7,4.39,64.0,0.5,11.4,39.5,,,,,,,,,,,,,,,,,,
nd,ngoxuankham,1,1,43,12/19/2024,4,70.0,165,1.0,2,sxhcanhbao,,1.0,1.0,,1.0,,,,,,,,,,,,,,,,,,,91.0,,,,,,,,,,,2.18,18.0,,,47.7,3.6,12.0,0.38,10.6,50.3,6.53,11.0,1.94,29.7,47.8,6.67,16.0,1.08,16.2,50.7,6.63,45.0,0.22,3.3,45.0,,,,,,,,,,,,,,,,,,
nd,tranxuantra,1,1,50,7/7/2025,5,73.0,175,2.0,2,sxhcanhbao,,,,,,,,,1.0,chaymaurang,,,,1.0,xhthdothungdaday,,,,,,,111.0,40.0,72.0,,,,,,,,,,,,,,,,2.26,10.0,,,40.5,4.19,27.0,,,37.2,3.78,26.0,,,36.1,3.8,32.0,0.12,3.2,35.6,4.6,42.0,0.06,1.3,37.3,,,,,,,,,5.03,46.0,37.6,0.02,0.4
nc,tranthioanh,1,2,26,6/17/2025,4,50.5,144,2.0,3,"soxsxh,xh",,1.0,,1.0,,,,,1.0,hematoma,1.0,,,,,,,,,,,82.0,31.0,66.0,,,,,,,,,,,3.66,21.0,,,49.7,3.24,15.0,0.72,22.2,45.0,4.7,6.0,0.9,19.1,41.6,4.81,27.0,,,44.9,5.79,31.0,0.45,7.8,36.8,4.22,84.0,0.26,6.2,32.8,,,,,,,,,,,,,
nhia,nguyenminhhai,2,1,13,1/14/2025,3,35.0,149,,2,sxhcanhbao,,,,,,,,,,,,vangda,,1.0,thieumautanhuyet,,,,,,,,,,,,,,,9.31,282.0,,,35.2,5.39,205.0,0.02,0.4,31.5,4.4,169.0,0.06,1.4,28.7,4.48,156.0,0.24,5.4,28.7,,,,,,,,,,,,,,,,,,,,,,,,,,,,
nd,nguyenhoangphuc,1,1,20,4/10/2025,2,100.0,165,2.0,2,sxhcanhbao,,1.0,,,,,,,,,,,,1.0,tanghuyetap,,,,,,,53.0,78.0,101.0,5.78,264.0,,,45.4,3.74,229.0,0.0,0.0,47.3,2.88,234.0,0.0,0.0,44.6,1.96,203.0,0.01,0.5,45.4,1.74,136.0,,,45.1,,,,,,,,,,,,,,,,,,,,,,,,,,,,
nhia,phamcaodung,2,1,14,1/16/2025,5,60.0,172,,3,socsxh,,1.0,,,1.0,,,,,,,,1.0,,,,,,,,,71.0,36.0,72.0,,,,,,,,,,,,,,,,3.85,31.0,0.1,2.6,54.0,6.88,13.0,0.0,0.0,56.3,7.25,21.0,1.23,17.0,48.5,5.95,44.0,0.16,2.7,47.1,7.79,121.0,0.02,0.3,45.5,,,,,,,,,,,,,
nd,letha,1,1,57,7/9/2025,4,50.0,165,2.0,2,sxhcanhbao,,,,,1.0,1.0,,,,,,,,,,,,,,,,193.0,48.0,91.0,,,,,,,,,,,2.49,84.0,,,40.8,2.55,70.0,,,41.5,3.37,49.0,0.52,15.4,43.3,5.78,51.0,1.05,18.2,40.2,4.14,87.0,0.57,13.8,34.9,,,,,,,,,,,,,,,,,,
nd,levantrong,1,1,17,2/12/2025,5,43.0,162,2.0,2,sxhcanhbao,,1.0,1.0,1.0,,,,,1.0,petechiae,1.0,,,,,,,,,,,79.0,21.0,77.0,,,,,,,125.0,,,37.0,,,,,,3.68,14.0,0.12,3.3,50.5,4.78,8.0,,,52.1,8.58,10.0,0.44,5.1,45.7,7.83,19.0,0.38,4.9,41.9,6.16,100.0,0.08,1.3,40.1,,,,,,,,,,,,,
nhiemc,buithimien,1,2,52,6/16/2025,4,49.0,156,2.0,3,soc sxh,,1.0,,1.0,1.0,1.0,,,1.0,petechiae,1.0,,1.0,1.0,"DTD, cuong giap",1.0,,,,,,442.0,234.0,62.0,,,,,,,,,,,1.82,8.0,,,55.0,1.53,3.0,0.02,1.3,43.9,9.81,9.0,1.85,18.9,48.2,7.66,9.0,2.52,32.9,42.0,4.23,26.0,0.41,9.7,39.0,4.48,49.0,0.16,3.6,39.0,,,,,,,,,,,,,
nd,hoquocphong,1,1,40,6/30/2025,3,50.0,165,2.0,1,sxh,,,,,1.0,,,,,,,,,,,,,,,,,45.0,27.0,89.0,,,,,,,,,,,2.03,119.0,0.02,1.0,34.0,2.29,118.0,0.02,0.9,38.7,1.96,101.0,0.06,1.5,39.3,1.17,75.0,0.07,6.0,39.5,2.35,70.0,0.25,10.6,39.8,3.93,82.0,,,39.7,,,,,,,,,,,,,
nc,tranngocthao,1,1,29,3/13/2025,1,75.0,163,1.0,2,sxhcanhbao,1.0,,,,,,,,,,,,,,,,5.99,177.0,0.01,0.2,34.8,13.0,11.0,43.0,3.38,137.0,0.0,0.0,34.8,2.73,103.0,0.01,0.4,36.6,3.09,73.0,0.18,5.8,37.3,3.31,54.0,0.36,10.9,41.1,4.6,55.0,0.43,9.3,38.2,4.62,59.0,,,40.3,,,,,,,,,,,,,,,,,,,,,,,
nhia,letinhnghi,2,2,17,1/14/2025,2,53.0,158,,2,sxhcanhbao,,,,,1.0,,,,,,,,,1.0,tramcam,,,,,,,,,,4.41,253.0,0.02,0.5,37.5,2.41,218.0,0.02,0.8,39.4,2.12,200.0,0.03,1.4,39.7,2.25,193.0,0.08,3.6,42.0,3.28,154.0,0.19,5.8,39.9,,,,,,,,,,,,,,,,,,,,,,,,,,,,
nhia,ngogiaphu,2,1,12,1/4/2025,3,58.0,167,,2,sxhcanhbao,,,,,,,,1.0,,,,,,,,,,,,,,,,,,,,,,4.83,235.0,0.0,0.0,40.9,2.46,232.0,0.0,0.0,42.4,2.49,217.0,0.03,1.2,43.4,2.84,179.0,0.14,4.9,42.6,,,,,,,,,,,,,,,,,,,,,,,,,,,,
nhia,ngngoclethienthu,2,2,5,1/11/2025,2,17.0,106,,2,sxhcanhbao,,,,,,,,,,,,,,,,,,,,,,,,,,,,,,,,,,,3.5,126.0,0.02,0.6,35.2,2.91,104.0,0.05,1.7,39.5,3.13,87.0,0.12,4.0,40.9,,,,,,,,,,,,,,,,,,,,,,,,,,,,
nd,truongquocdung,1,1,18,3/9/2025,3,84.0,176,1.0,2,sxhcanhbao,,1.0,,1.0,,,,,,,,,,,,,,,,,,29.0,15.0,103.0,,,,,,5.29,175.0,0.0,0.0,41.0,3.88,128.0,,,42.8,4.25,54.0,0.01,0.2,44.9,5.15,23.0,0.36,7.0,52.8,7.57,25.0,1.41,18.6,47.7,5.09,49.0,0.57,11.2,44.2,,,,,,,,,,,,,,,,,,
nc,nguyenthiphuongvy,1,2,17,1/6/2025,4,45.0,160,2.0,3,soc sxh,,1.0,,,,,,,1.0,"rang, am dao",,,,,,,,,,,,65.0,35.0,53.0,,,,,,,,,,,3.12,57.0,0.56,17.9,42.0,3.1,26.0,0.0,0.0,41.0,5.4,23.0,0.75,13.9,41.0,7.03,18.0,0.42,6.0,40.8,6.88,88.0,0.13,1.9,38.0,5.94,158.0,0.09,1.5,37.0,,,,,,,,,,,,,
nhia,lenguyenanbinh,2,2,5,1/14/2025,5,15.5,108,,2,sxhcanhbao,,,,,1.0,1.0,1.0,,,,,,,1.0,thonglienthat,,,,,,,,,,,,,,,,,,,,4.67,235.0,,,38.0,3.95,137.0,,,40.6,3.97,84.0,0.48,12.2,41.3,7.41,69.0,1.3,17.5,40.9,11.45,110.0,,,40.6,,,,,,,,,,,,,,,,,,
ccte,nguyenminhtien,2,1,13,8/12/2025,5,57.0,157,,3,soxsxh,,1.0,,,,,,,1.0,petechiae,,,,,,,,,,,,39.0,21.0,65.0,,,,,,,,,,,,,,,,3.24,7.0,,,45.9,6.23,5.0,1.26,20.2,44.6,7.33,14.0,1.49,20.3,42.2,5.96,60.0,,,39.6,,,,,,,,,,,,,,,,,,
nc,vuthihongdon,1,2,21,6/17/2025,5,61.0,163,,3,soxsxh,,1.0,,1.0,1.0,1.0,,,1.0,"vetchich,amdao",1.0,,1.0,,,,,,,,,67.0,38.0,37.0,,,,,,,,,,,,,,,,5.82,9.0,,,46.6,5.41,23.0,1.13,20.9,36.2,6.38,37.0,1.55,24.3,33.0,5.5,103.0,0.38,6.9,33.3,6.4,181.0,0.1,1.6,34.3,,,,,,,,,7.33,260.0,35.5,0.05,0.7
noib,levuanh,1,1,37,6/7/2025,5,83.0,180,1.0,2,sxhcanhbao,,,,,,,,,1.0,petechiae,,,,,,,,,,,,255.0,266.0,105.0,,,,,,,,,,,,,,,,14.85,26.0,1.99,13.4,47.4,11.4,30.0,0.8,7.0,48.8,10.18,48.0,,,49.2,8.09,79.0,0.04,0.5,46.8,,,,,,,,,,,,,,,,,,
nhiemd,sonminhtai,1,1,25,4/23/2025,3,60.0,170,2.0,3,socsxh,,,,,,,,,,,,,,,,,,,,,,38.0,18.0,108.0,,,,,,1.9,64.0,,,46.0,1.48,25.0,,,47.0,2.56,3.0,0.13,5.1,52.5,6.06,5.0,1.01,16.7,45.0,7.04,9.0,1.74,24.7,41.0,6.37,28.0,0.63,9.9,41.0,6.37,89.0,,,45.9,,,,,,,,,,,,,
nc,dangthikieu,1,2,31,4/10/2025,4,45.0,149,2.0,2,sxhcanhbao,,1.0,1.0,,1.0,1.0,,,1.0,petechia,,,2.0,,,1.0,,,,,,86.0,27.0,52.0,,,,,,,,,,,2.19,40.0,,,39.9,2.06,32.0,0.05,2.4,40.6,3.36,27.0,0.25,7.4,43.4,4.09,36.0,0.71,17.4,39.9,4.86,66.0,,,41.2,,,,,,,,,,,,,,,,,,
nc,thachthibichtuyen,1,2,30,2/20/2025,5,58.0,158,2.0,2,sxhcanhbao,,1.0,,,1.0,,,1.0,1.0,petechia,,,,,,,,,,,,75.0,37.0,76.0,,,,,,,,,,,,,,,,3.94,104.0,0.1,2.5,34.7,5.03,56.0,0.58,11.5,39.7,7.68,31.0,0.01,0.1,37.1,7.51,37.0,0.0,0.0,32.8,6.19,44.0,,,34.1,,,,,,,,,,,,,
ccte,tranthianthi,2,2,14,2/25/2025,4,39.0,153,,3,socsxh,,1.0,,1.0,,,,,,,,,,,,,,,,,,47.0,13.0,38.0,,,,,,,,,,,,,,,,2.94,18.0,0.05,1.7,47.8,3.29,16.0,0.16,4.9,45.9,3.45,24.0,0.51,14.8,38.8,3.89,56.0,,,41.2,,,,,,,,,,,,,,,,,,
nc,maithichung,1,2,52,7/1/2025,5,60.0,162,,2,sxhcanhbao,,1.0,,,,1.0,,,,,,,,,,,,,,,,90.0,37.0,51.0,,,,,,,,,,,,,,,,4.52,16.0,,,48.9,7.59,26.0,2.08,27.4,46.6,6.5,42.0,1.73,26.6,42.6,5.56,94.0,,,44.6,,,,,,,,,,,,,,,,,,
nc,lethikimhuong,1,2,21,6/22/2025,4,40.0,150,,3,soxsxh,,1.0,,1.0,,,,,1.0,"petechiae,vetchich,amdao",,,,,viemdadayhp,,,,,,,100.0,39.0,59.0,,,,,,,,,,,2.1,43.0,,,39.9,2.74,40.0,0.44,16.1,33.4,4.13,35.0,0.9,21.8,32.2,4.19,53.0,0.41,9.8,35.1,,,,,,,,,,,,,,,,,,,,,,,
ccte,huynhquoctoan,2,1,15,3/1/2025,4,45.0,165,,2,sxhcanhbao,,,,,,,,,,,,,,,,,,,,,,50.0,21.0,54.0,,,,,,,,,,,,,,,,3.22,29.0,0.12,3.7,51.1,5.54,9.0,0.98,17.7,48.6,5.2,23.0,0.0,0.0,45.5,4.63,87.0,0.17,3.7,42.1,,,,,,,,29.2,,,,,,,,,,
nhia,tranhuenhu,2,2,11,1/15/2025,5,31.0,135,,2,sxhcanhbao,,1.0,,1.0,1.0,,,,,,,,,,,,,,,,,,,,,,,,,4.99,150.0,0.03,0.6,37.7,1.66,100.0,0.01,0.6,38.7,1.51,58.0,0.05,3.3,41.8,2.39,45.0,0.45,18.8,39.2,4.35,41.0,0.61,14.0,39.5,4.27,58.0,0.8,18.7,38.4,,,,,,,,,,,,,,,,,,
nc,nguyenthikhuyen,1,2,60,1/6/2025,2,63.0,156,1.0,1,sxh,,,,,,,,,,,,,,,,,,,,,,129.0,80.0,,3.7,112.0,,,38.7,2.59,97.0,0.02,0.8,38.7,1.46,103.0,0.02,1.4,36.1,2.17,61.0,0.11,5.1,38.6,4.19,38.0,0.0,0.0,40.6,6.73,48.0,0.0,0.0,37.6,,,,,,,,,,,,,,,,,,,,,,,
ccte,ngthiphuongthuy,2,2,16,8/20/2025,4,40.0,156,,3,soxsxh,,1.0,,1.0,,,,,,,,,,,,,,,,,,88.0,61.0,60.0,,,,,,,,,,,3.24,33.0,,,44.0,5.37,27.0,0.0,0.0,40.0,4.92,15.0,0.0,0.0,38.0,4.19,66.0,,,41.4,,,,,,,,,,,,,,,,,,,,,,,
ccte,lethiquynhnhu,2,2,9,1/13/2025,5,40.0,130,,3,socsxh,,1.0,1.0,1.0,,,,,1.0,petechiae,1.0,,,,,,,,,,,151.0,60.0,41.0,,,,,,,,,,,,,,,,7.41,32.0,0.0,0.0,42.8,6.42,18.0,1.55,24.1,36.8,5.21,49.0,0.2,3.8,37.6,,,,,,,,,,,,,,,,,,,,,,,
nhiemc,nguyenthithuy,1,2,39,4/24/2025,3,55.0,150,2.0,2,sxhcanhbao,,1.0,,,1.0,1.0,,,,,,,,,,,,,,,,37.0,40.0,66.0,,,,,,4.65,84.0,,,38.0,3.19,64.0,0.5,15.7,37.0,5.16,40.0,1.39,26.9,39.0,5.08,39.0,0.0,0.0,36.2,5.34,65.0,0.51,9.6,37.0,,,,,,,,,,,,,,,,,,,,,,,
nd,hoangvancong,1,1,26,3/13/2025,3,65.0,168,2.0,1,sxh,,,,1.0,,,,,1.0,mui,,,,,,,,,,,,41.0,32.0,79.0,,,,,,4.4,197.0,0.07,1.6,45.8,2.67,100.0,0.14,5.2,58.3,5.33,148.0,0.41,7.7,46.0,5.99,159.0,0.48,8.0,46.1,8.17,223.0,0.65,8.0,46.9,,,,,,,,,,,,,,,,,,,,,,,
ccte,halethuytruc,2,2,10,8/19/2025,4,34.0,137,,3,soxsxh,,,,,,,,,,,,,,,,,,,,,,86.0,20.0,49.0,,,,,,,,,,,2.39,59.0,0.06,2.5,43.8,3.05,26.0,0.12,3.9,43.4,6.98,27.0,0.74,10.6,44.2,7.14,36.0,,,38.0,5.85,64.0,0.29,5.0,31.8,,,,,,,,,,,,,,,,,,
nhia,lengocnhuy,2,2,3,12/28/2024,3,20.0,87,,2,sxhcanhbao,,,1.0,1.0,,,,1.0,,,,,,,,,,,,,,,,,,,,,,,,,,,3.63,139.0,0.05,1.4,38.7,4.52,95.0,0.16,3.5,39.5,3.62,78.0,0.3,8.3,38.9,6.49,118.0,0.82,12.6,39.5,,,,,,,,,,,,,,,,,,,,,,,
ccte,nguyenthelinh,2,1,16,7/30/2025,2,17.0,112,,3,soxsxh,,1.0,,,,,,,,,,,,,,,,,,,,57.0,39.0,37.0,5.31,153.0,,,36.2,5.49,113.0,,,37.7,4.23,71.0,0.08,1.9,35.1,6.4,23.0,0.46,7.2,41.5,14.57,34.0,0.0,0.0,34.1,17.46,57.0,,,33.5,,,,,,,,,,,,,,,,,,,,,,,
nc,phanthanhvan,1,2,19,12/22/2024,3,79.0,160,1.0,2,sxhcanhbao,,1.0,,,,1.0,,,,,,,,,,,,,,,,160.0,85.0,50.0,,,,,,,,,,,3.22,38.0,0.0,0.0,41.9,4.05,17.0,0.07,1.7,43.9,4.61,24.0,0.54,11.7,43.3,5.84,52.0,1.46,25.0,40.8,6.12,113.0,,,39.8,,,,,,,,,,,,,,,,,,
ccte,nguyenvietlong,2,1,15,6/30/2025,5,65.0,173,,3,socsxh,,1.0,1.0,1.0,1.0,,,,1.0,petechiae,,,,,,,,,,,,65.0,21.0,77.0,,,,,,,,,,,,,,,,3.93,18.0,,,48.0,5.0,20.0,0.41,8.2,45.5,4.56,22.0,0.55,12.1,43.6,4.3,57.0,0.3,7.0,40.6,,,,,,,,,,,,,,,,,,
noib,tranvancuc,1,1,57,6/4/2025,3,75.0,165,1.0,2,sxhcanhbao,,,,,,,,,,,,,,,,,,,,,,,,,,,,,,,,,,,1.58,30.0,,,42.2,2.88,9.0,,,44.5,4.57,12.0,0.63,13.8,46.9,4.9,22.0,0.89,18.2,41.3,4.62,50.0,,,40.1,,,,,,,,,,,,,,,,,,
ccte,thinguyenngoctram,2,2,2,7/12/2025,6,50.0,156,,3,socsxh,,,,1.0,1.0,,,,1.0,amdao,,,,,,,,,,,,76.0,48.0,,,,,,,,,,,,,,,,,4.02,56.0,0.14,3.5,36.7,4.19,,0.45,10.7,40.2,6.41,62.0,0.87,13.6,41.4,,,,,,,,,,,,,,,,,,,,,,,
noib,dinhthila,1,2,65,6/22/2025,4,55.0,172,,3,tonthuongtang,,1.0,1.0,1.0,,,,,1.0,petechiae,,,,,"THA,DTD,hen",,,,,,,1436.0,554.0,99.0,,,,,,,,,,,,,,,,5.35,23.0,0.0,0.0,38.4,11.7,29.0,0.63,5.4,36.0,22.47,54.0,1.84,8.2,35.0,31.0,114.0,3.26,10.5,33.0,17.68,132.0,0.85,4.8,33.6,,,,,,,,,,,,,
nhia,tongtuenhi,2,2,2,1/4/2025,4,7.6,74,,2,sxhcanhbao,,,,,,,,,,,,,,,,,,,,,,138.0,40.0,,,,,,,,,,,,8.14,89.0,,,44.4,7.54,58.0,0.47,6.2,37.9,7.8,52.0,0.76,9.7,33.6,7.77,83.0,0.5,6.4,36.3,,,,,,,,,,,,,,,,,,,,,,,
nhia,lengockhahan,2,2,7,1/7/2025,3,25.0,115,,2,sxhcanhbao,,1.0,,,,,,,,,,,,,,,,,,,,400.0,289.0,,,,,,,5.23,235.0,0.06,1.1,35.8,3.91,160.0,0.08,2.0,37.2,4.21,108.0,0.21,5.0,42.0,5.43,82.0,0.64,11.8,39.7,6.65,96.0,0.0,0.0,36.4,6.64,164.0,0.0,0.0,35.7,,,,,,,,,,,,,,,,,,
nhia,trangialinh,2,2,13,2/1/2025,4,55.0,153,,2,sxhcanhbao,,1.0,,,,,,,1.0,"am dao, petechiae",,,,,,,,,,,,46.0,20.0,,,,,,,,,,,,3.76,126.0,0.02,0.5,42.3,3.04,92.0,0.07,2.3,41.7,4.0,75.0,0.32,8.0,43.1,,,,,,,,,,,,,,,,,,,,,,,,,,,,
nc,trankimngan,1,2,19,12/30/2024,4,72.0,172,2.0,2,sxhcanhbao,,,,,1.0,1.0,1.0,,1.0,"am dao, petechia",,,,,,,,,,,,28.0,27.0,63.0,,,,,,,,,,,2.33,138.0,0.02,0.9,34.6,1.74,122.0,0.03,1.7,36.6,2.04,110.0,0.1,4.9,36.4,3.33,107.0,0.39,11.7,36.2,3.84,140.0,0.0,0.0,36.4,,,,,,,,,,,,,,,,,,
nc,nguyenquynhhuong,1,2,22,12/30/2024,4,72.0,160,1.0,2,sxhcanhbao,,1.0,1.0,,,,,,,,,,,,,,,,,,,46.0,81.0,87.0,,,,,,,,,,,,85.0,,,35.0,1.54,46.0,0.16,10.4,41.6,4.6,30.0,1.16,25.2,44.4,4.73,29.0,0.64,13.5,41.1,4.62,66.0,0.17,3.7,40.5,,,,,,,,,,,,,,,,,,
nhia,hothanhphu,2,1,9,2/3/2025,4,44.0,135,,2,sxhcanhbao,,1.0,,1.0,1.0,,,,1.0,rang,,,,,,,,,,,,92.0,67.0,,,,,,,3.9,237.0,0.0,0.0,43.5,2.64,224.0,0.0,0.0,43.2,2.62,206.0,0.03,1.1,39.8,2.89,189.0,0.09,3.1,39.6,,,,,,,,,,,,,,,,,,,,,,,,,,,,
nd,hoanglong,1,1,50,2/3/2025,5,76.0,165,1.0,2,sxhcanhbao,,,,,1.0,1.0,,1.0,,,,,,1.0,hen,,,,,,,59.0,48.0,102.0,,,,,,,,,,,3.04,117.0,0.02,0.7,43.3,3.62,80.0,0.11,3.0,47.5,4.2,25.0,0.0,0.0,47.9,5.49,30.0,0.0,0.0,46.0,5.8,64.0,0.36,6.2,42.6,,,,,,,,,,,,,,,,,,
ccte,nguyenhoaibaoan,2,2,7,6/25/2026,4,17.0,112,,3,socsxh,,,,,,,,,,,,,,,,,,,,,,66.0,15.0,31.0,,,,,,,,,,,,,,,,3.04,45.0,,,42.2,4.93,32.0,,,38.2,5.18,43.0,0.88,17.0,34.6,4.51,84.0,0.17,3.8,36.2,,,,,,,,,,,,,,,,,,
nd,vothanhphong,1,1,48,7/9/2025,5,70.0,168,2.0,2,sxhcanhbao,,1.0,1.0,1.0,1.0,,,,,,,,,,,,,,,,,71.0,63.0,84.0,,,,,,4.07,,0.01,0.2,35.0,2.7,120.0,0.0,0.0,39.0,3.18,97.0,0.02,0.6,39.7,1.92,46.0,,,34.9,2.95,32.0,0.56,19.0,36.3,5.65,40.0,0.01,0.2,33.9,7.44,80.0,1.91,25.7,34.6,,,,,,,,,,,,,
nhiemc,huynhthininh,1,2,41,4/24/2025,3,51.0,155,2.0,2,sxhcanhbao,,,,,1.0,1.0,,,,,,,,,,,,,,,,73.0,66.0,62.0,,,,,,2.23,68.0,,,40.7,2.02,53.0,0.04,2.0,36.6,3.04,19.0,0.58,19.1,43.1,7.28,11.0,1.72,23.6,48.4,7.64,25.0,1.36,17.8,34.9,6.67,54.0,,,37.7,,,,,,,,,,,,,,,,,,
nd,levantuan,1,1,55,7/8/2025,4,65.0,155,1.0,2,sxhcanhbao,,,,,,,,,1.0,hematoma,,,,,,,,,,,,166.0,117.0,93.0,,,,,,,,,,,3.87,8.0,,,47.0,4.43,10.0,,,44.4,6.22,20.0,,,44.6,6.02,46.0,0.39,6.5,41.5,6.36,120.0,0.16,2.5,42.1,,,,,,,,,,,,,,,,,,
nd,tranhoangnam,1,1,29,1/1/2025,4,73.0,168,1.0,2,sxhcanhbao,,,,,1.0,1.0,,,,,,,1.0,,,,,,,,,96.0,83.0,111.0,,,,,,4.03,69.0,0.04,1.0,42.0,2.15,35.0,0.01,0.5,43.9,2.21,24.0,0.07,3.2,44.9,5.04,8.0,1.07,21.2,48.9,5.86,15.0,1.74,29.7,43.0,4.63,24.0,0.53,11.4,41.3,5.27,77.0,0.17,3.2,40.5,,,,,,,,,,,,,
nc,buithihoa,1,2,37,1/9/2025,5,55.0,159,2.0,2,sxhcanhbao,,1.0,,1.0,1.0,1.0,,,,,,,,,,,,,,,,73.0,20.0,45.0,,,,,,,,,,,2.52,118.0,0.02,0.8,41.7,3.29,45.0,0.3,9.1,44.7,9.3,19.0,2.11,22.7,43.3,9.16,39.0,1.51,16.5,44.7,6.26,73.0,,,44.8,,,,,,,,,,,,,,,,,,
nhia,lengockhangan,2,2,4,1/5/2025,3,15.0,97,,2,sxhcanhbao,,1.0,,,,,,,,,,,,,,,,,,,,,,,,,,,,4.54,192.0,0.04,0.9,38.9,3.44,149.0,0.09,2.6,36.2,5.42,154.0,0.19,3.5,38.3,,,,,,,,,,,,,,,,,,,,,,,,,,,,,,,,,
nd,lethanhcong,1,1,47,12/22/2024,3,65.0,168,2.0,2,sxhcanhbao,,1.0,,1.0,,,,,,,,,,1.0,roiloantiendinh,,,,,,,92.0,71.0,95.0,,,,,,3.95,67.0,0.03,0.8,44.9,3.01,10.0,0.17,5.6,46.8,4.19,7.0,0.63,15.0,46.1,5.21,9.0,0.91,17.5,46.2,6.74,25.0,1.21,18.0,42.8,8.06,50.0,0.65,8.1,43.9,,,,,,,,,,,,,,,,,,
nc,huynhthisaly,1,2,40,1/13/2025,3,40.0,145,2.0,2,sxhcanhbao,,,,,,,,,1.0,"am dao, petechia",,,,,,,,,,,,53.0,21.0,58.0,,,,,,1.53,97.0,,,44.7,2.74,71.0,0.02,0.7,43.5,3.4,24.0,0.08,2.4,47.5,5.32,11.0,0.35,6.6,44.8,4.53,13.0,0.51,11.8,38.5,4.86,32.0,0.45,9.3,34.1,5.21,73.0,0.15,2.9,36.3,,,,,,,,,,,,,
nd,nguyenhungphat,1,1,16,7/7/2025,5,85.0,180,1.0,3,socsxh,,,,1.0,,1.0,,,1.0,petechiae,,,,,,,,,,,,324.0,210.0,111.0,,,,,,,,,,,,,,,,5.0,18.0,,,61.2,5.05,18.0,0.94,18.6,45.8,8.65,20.0,1.56,18.0,44.6,7.06,17.0,0.65,8.2,44.0,7.79,61.0,0.11,1.4,42.6,,,,,,,,,,,,,
ccte,nguyenkhoinguyen,2,1,9,6/30/2025,6,38.0,150,,3,soxsxh,,1.0,,1.0,,,,,1.0,petechiae,1.0,,,,,,,,,,,118.0,58.0,37.0,,,,,,,,,,,,,,,,,,,,,5.26,29.0,0.6,11.4,38.0,7.42,37.0,0.84,11.3,41.0,9.23,82.0,0.52,5.6,38.4,,,,,,,,,,,,,,,,,,
nc,thanthinhu,1,2,37,7/1/2025,4,57.0,148,,2,sxhcanhbao,1.0,,,,,1.0,,,,,,,,,,,,,,,,46.0,20.0,42.0,,,,,,,,,,,,,,,,2.83,63.0,0.05,1.8,28.1,3.28,42.0,0.28,8.5,28.6,5.22,38.0,1.31,25.1,30.7,5.68,45.0,1.02,18.0,28.8,5.54,74.0,,,,,,,,,,,,,,,,
